id,order_id,customer_id,total,fecha
1,1599967,265731,570.54,2023-12-26T20:50:10.712Z
2,996955,138891,435.15,2020-06-28T03:57:09.878Z
3,1203002,222485,637.94,2020-02-11T21:08:15.398Z
4,201526,407795,217.81,2018-03-22T07:53:00.960Z
5,1864131,92779,941.46,2018-06-13T23:30:33.078Z
6,1136202,86048,676.71,2019-01-24T06:43:28.119Z
7,675623,13020,598.19,2024-12-03T11:44:29.971Z
8,1622421,432910,129.08,2021-06-17T03:42:39.807Z
9,381728,333284,395.4,2022-07-17T19:30:32.712Z
10,1460636,303401,881.26,2024-09-17T16:14:54.361Z
11,680795,56790,359.87,2019-04-12T06:51:49.079Z
12,1123119,447129,198.51,2019-11-02T16:03:13.170Z
13,1308278,305890,105.87,2025-12-11T22:06:29.565Z
14,283790,159571,905.89,2018-08-19T22:31:42.922Z
15,1666399,341787,604.74,2022-03-16T02:02:53.312Z
16,660136,407819,342.8,2021-09-13T19:12:45.705Z
17,1441822,327816,805.79,2018-03-07T01:58:20.488Z
18,65022,181982,507.34,2020-11-15T11:35:30.464Z
19,702155,284087,764.38,2019-11-29T03:22:21.780Z
20,120001,178926,231.14,2025-10-31T04:49:59.600Z
21,1575687,162252,218.45,2022-01-22T15:14:25.289Z
22,772462,377682,5.43,2025-07-05T08:06:11.221Z
23,1743259,435405,87.35,2021-10-27T20:25:22.170Z
24,390846,375984,891.34,2023-02-10T09:47:02.945Z
25,659265,166985,29.18,2018-02-08T20:20:30.395Z
26,1556208,143466,687.7,2019-11-30T11:18:35.655Z
27,1126958,136676,664.42,2023-02-23T12:40:29.293Z
28,695810,105710,807.87,2025-10-15T06:16:13.074Z
29,1764959,479438,536.68,2023-09-16T03:05:30.410Z
30,439306,129349,705.85,2021-09-28T21:17:25.783Z
31,1288473,257209,264.07,2022-08-09T05:02:31.948Z
32,536023,89474,417.57,2018-11-08T05:47:35.862Z
33,554483,223111,996.11,2025-06-20T17:10:34.538Z
34,894804,422902,281.17,2018-01-12T09:57:04.548Z
35,480908,473419,730.47,2018-12-22T19:20:49.940Z
36,1230511,137488,851.6,2021-09-19T17:52:08.547Z
37,1203021,414350,384.37,2022-01-31T10:29:52.102Z
38,967744,341568,442.22,2022-07-17T05:00:02.731Z
39,1427033,62092,312.25,2021-09-17T16:23:29.837Z
40,73473,433443,448.42,2018-01-27T04:34:16.994Z
41,295445,171165,85.73,2021-08-29T23:19:42.112Z
42,74525,334665,2.56,2021-10-07T10:57:57.034Z
43,87954,134963,656.49,2018-04-08T14:56:34.773Z
44,863718,470890,651.13,2024-09-28T16:22:31.380Z
45,564118,306523,332.13,2022-06-09T17:36:25.140Z
46,305129,276156,94.67,2025-10-08T07:07:37.774Z
47,975187,322102,690.7,2022-08-10T12:40:27.977Z
48,68538,383348,278.95,2019-05-24T08:15:15.064Z
49,132380,90020,904.95,2025-03-21T15:29:25.286Z
50,826337,295898,787.16,2023-05-13T11:03:05.564Z
51,1592283,226816,278.6,2020-09-02T09:21:59.881Z
52,1664454,117861,875.84,2024-02-05T13:22:20.646Z
53,297793,445251,910.27,2023-10-22T21:12:31.296Z
54,306082,30028,114.85,2023-03-08T07:15:19.426Z
55,1843572,316508,717.39,2022-11-28T13:54:46.131Z
56,451685,346158,502.43,2021-04-20T21:38:06.420Z
57,1404186,273340,166.87,2024-10-04T03:41:10.632Z
58,1743941,429397,89.25,2021-09-22T01:06:44.513Z
59,624221,36206,310.62,2020-05-07T18:19:26.846Z
60,868959,245884,951.96,2022-04-14T11:44:56.919Z
61,1701574,134137,275.09,2025-05-24T21:17:51.133Z
62,978546,116116,904.23,2019-05-27T22:08:48.819Z
63,1709179,99886,546.63,2022-07-13T17:20:33.808Z
64,1267876,382292,306.98,2018-04-30T08:53:54.837Z
65,432089,204552,513.7,2023-07-25T11:04:29.491Z
66,1244799,216379,322.59,2020-01-14T15:45:44.806Z
67,1225620,457429,389.86,2018-05-30T15:58:40.837Z
68,1947388,404419,36.68,2024-01-10T02:06:57.283Z
69,1193057,74475,922.87,2021-11-14T03:18:00.814Z
70,1290741,396584,32.46,2023-09-15T00:24:40.541Z
71,1876613,137291,426.42,2021-09-11T14:11:22.080Z
72,1239711,4354,896.88,2024-03-22T00:12:42.362Z
73,171095,443886,167.08,2022-01-22T17:22:03.697Z
74,422288,388665,258.58,2018-01-17T09:04:25.426Z
75,859232,154738,908.54,2022-02-01T13:48:53.121Z
76,796338,206187,32.34,2025-12-19T07:51:57.200Z
77,1481358,470023,465.2,2023-02-25T05:13:59.095Z
78,1824443,475952,219.81,2024-05-25T10:29:58.843Z
79,1887877,495709,468.64,2021-01-11T04:18:26.969Z
80,377293,112526,532.98,2025-06-01T15:22:17.554Z
81,1900955,265288,307.57,2021-05-09T04:47:20.193Z
82,881810,68788,239.75,2021-07-15T15:02:09.936Z
83,647651,45438,68.23,2019-12-25T00:50:17.629Z
84,946480,387749,341.59,2021-05-25T03:31:40.550Z
85,1868708,230253,89.41,2021-05-28T11:00:11.468Z
86,464140,211669,367.26,2020-01-12T12:04:23.557Z
87,322576,11565,462.29,2023-10-26T16:45:18.425Z
88,852264,437444,949.76,2024-02-17T21:26:03.369Z
89,39006,313481,20.3,2024-03-18T13:45:48.083Z
90,737635,125249,577.65,2024-12-28T23:15:05.635Z
91,25046,361346,596.24,2025-07-18T16:07:43.601Z
92,1789205,130478,647.43,2019-01-23T21:32:02.689Z
93,1563798,35385,814.03,2020-04-01T01:58:40.776Z
94,161652,17262,417.04,2020-02-12T12:40:55.303Z
95,1210879,309635,199.6,2023-08-03T03:36:48.804Z
96,1790980,196836,264.21,2022-11-30T12:35:54.885Z
97,173668,208263,575.74,2021-02-19T12:00:39.911Z
98,62155,206080,489.95,2020-07-24T04:07:07.981Z
99,538713,299535,489.11,2022-05-04T00:38:53.857Z
100,1525072,306398,808.95,2020-11-24T10:38:07.032Z
101,740893,164687,809.92,2018-05-03T10:57:03.303Z
102,784838,383174,577.1,2023-07-01T10:32:51.519Z
103,704570,488252,445.35,2025-02-03T06:02:41.463Z
104,818831,8504,507.63,2020-03-05T12:03:24.300Z
105,1527243,316360,554.7,2019-08-09T12:25:31.158Z
106,1509489,475749,758.4,2019-07-08T08:51:16.929Z
107,165930,492070,370.66,2019-09-27T05:08:59.559Z
108,1631901,242819,848.54,2020-03-20T14:10:04.761Z
109,1944600,460629,6.72,2020-07-16T07:47:38.593Z
110,1557533,399857,756.73,2019-12-12T14:20:20.959Z
111,1282819,30309,135.03,2019-08-09T10:03:30.379Z
112,359412,9808,493.75,2018-10-22T15:14:43.766Z
113,1423422,182741,900.21,2023-10-27T10:32:50.657Z
114,980828,407165,879.87,2025-09-04T07:36:55.400Z
115,1399231,147591,481.3,2022-09-11T04:30:26.177Z
116,1234924,370459,138.36,2025-11-30T06:00:34.000Z
117,348601,314823,2.71,2023-01-31T23:44:25.587Z
118,686507,131243,693.01,2022-04-22T07:28:35.112Z
119,1485914,111670,140.63,2019-07-13T15:30:11.261Z
120,648255,451990,842.35,2023-12-12T01:50:38.068Z
121,741876,254628,435.13,2022-09-18T09:08:29.455Z
122,1922123,77233,403.27,2024-08-09T19:00:29.385Z
123,232686,406084,950.4,2023-02-13T14:32:49.404Z
124,1101035,334811,186.75,2025-03-22T04:48:38.743Z
125,767947,47367,604.61,2021-08-21T10:11:37.028Z
126,1892808,20180,573.51,2019-02-02T18:07:42.256Z
127,946299,105407,879.28,2024-02-24T11:14:41.789Z
128,1003103,412745,68.91,2025-11-06T21:13:15.834Z
129,1994077,794,370.14,2025-06-02T05:37:38.905Z
130,1480213,187234,948.2,2024-11-05T20:25:19.256Z
131,1740150,135143,152.86,2021-06-30T02:28:51.927Z
132,911066,297189,560.81,2018-11-28T08:24:27.632Z
133,707209,458137,17.55,2022-06-16T10:16:34.575Z
134,96949,253291,529.66,2018-04-17T04:24:29.400Z
135,1616025,396891,484.03,2019-06-20T12:00:25.536Z
136,514795,47175,120.96,2018-11-05T02:50:40.576Z
137,623062,239730,330.75,2024-09-16T11:37:32.715Z
138,637613,467719,427.22,2018-03-10T19:16:54.967Z
139,1934694,424795,279.2,2021-10-09T09:21:31.852Z
140,1352926,334422,160.78,2020-09-03T10:55:51.390Z
141,1113528,331129,42.34,2021-11-07T13:55:05.974Z
142,275718,371795,537.43,2024-12-20T17:51:55.654Z
143,1994232,435574,487.63,2023-06-01T00:03:09.908Z
144,1484804,417040,816.45,2023-12-01T02:32:43.636Z
145,716073,397175,865.93,2025-03-24T08:16:26.998Z
146,799450,389285,338.71,2019-09-09T01:21:33.005Z
147,1094374,73113,234.86,2025-12-13T09:46:24.934Z
148,1150815,388009,610.44,2020-02-04T23:13:20.047Z
149,185776,327944,247.69,2025-01-27T09:05:22.529Z
150,716400,40534,863.98,2018-05-23T16:57:23.159Z
151,646768,365397,74.42,2019-05-08T01:00:07.731Z
152,1946914,459369,767.25,2024-12-13T23:41:25.883Z
153,1940121,300406,565.33,2025-03-27T01:42:03.783Z
154,1813728,469707,365.28,2020-09-24T23:22:12.307Z
155,992591,22696,211.45,2021-05-01T05:21:56.185Z
156,973453,406055,965.08,2022-04-06T08:47:23.970Z
157,1068784,82823,828.53,2018-10-04T18:14:54.530Z
158,1136806,411824,484,2024-03-01T00:02:33.721Z
159,1238788,328139,501.46,2023-03-06T16:14:33.503Z
160,284585,307854,482.13,2018-10-10T06:53:39.862Z
161,1777568,204184,765.43,2025-12-07T14:09:14.169Z
162,977753,296839,992.54,2022-06-01T08:10:43.314Z
163,1410843,221569,381.6,2022-10-27T23:43:58.293Z
164,1163456,21270,330.57,2023-09-16T19:55:21.933Z
165,1487383,423388,82.16,2022-10-09T13:39:03.922Z
166,1431279,413102,29.51,2018-09-04T09:48:33.222Z
167,231596,212508,575.73,2019-11-28T01:42:52.989Z
168,1689636,470835,364.01,2022-02-23T20:37:13.585Z
169,1431852,422621,26.58,2023-11-29T12:34:41.377Z
170,1303215,72894,845.88,2024-04-29T10:47:38.412Z
171,480095,275093,668.84,2018-03-24T16:03:17.016Z
172,346670,203675,817.5,2023-04-29T04:56:53.276Z
173,1514524,385268,70.85,2025-05-30T23:27:37.170Z
174,693213,179611,414.5,2020-06-06T20:10:52.632Z
175,1587651,200363,932,2024-12-04T12:18:16.288Z
176,1694421,154059,969.6,2023-01-31T21:53:35.619Z
177,773293,387698,85.82,2019-11-22T21:53:17.710Z
178,1991182,279758,651.8,2025-10-18T21:27:01.034Z
179,1721165,120798,439.2,2022-05-12T02:15:51.043Z
180,926428,432416,339.08,2024-04-06T01:31:57.724Z
181,829908,417169,768.9,2020-08-13T08:24:56.739Z
182,1211202,433914,395.17,2021-11-13T15:26:29.515Z
183,778287,41691,918.35,2021-04-08T19:54:19.758Z
184,1376458,213601,286.67,2024-02-15T22:15:05.863Z
185,1630508,295856,654.27,2021-03-27T18:42:42.864Z
186,307469,363823,371.23,2023-05-21T19:00:25.145Z
187,736806,487847,358.44,2024-09-10T03:08:48.046Z
188,1324762,366105,128.98,2025-06-10T18:55:00.994Z
189,380524,123211,868.44,2020-03-28T22:29:11.563Z
190,518331,43180,472.39,2019-04-07T02:23:19.034Z
191,1780100,431022,420.18,2024-10-10T08:41:56.002Z
192,831131,174343,570.14,2020-07-18T13:01:09.804Z
193,689049,157912,437.67,2022-12-09T09:56:07.410Z
194,1597038,200529,807.22,2020-05-19T04:01:45.923Z
195,1320057,256625,587.55,2023-06-01T14:36:09.545Z
196,1219775,377178,366.08,2025-12-27T14:58:48.932Z
197,950001,286576,472.62,2020-05-10T18:21:37.552Z
198,712005,127069,898.6,2023-03-17T18:04:27.453Z
199,1482662,438692,889.33,2019-08-31T08:32:38.183Z
200,1316285,486351,615.72,2019-09-21T16:52:01.038Z
201,1308497,195080,681.04,2020-11-03T08:31:30.258Z
202,162342,368232,418.49,2024-01-01T20:36:54.956Z
203,1989579,479400,608.56,2025-03-09T12:25:52.119Z
204,872701,480763,501.33,2019-04-07T03:21:55.290Z
205,1559786,380217,167.97,2022-12-08T05:42:19.144Z
206,1095540,115731,805.65,2022-12-08T00:14:14.693Z
207,884697,222171,290.26,2021-06-10T18:40:07.147Z
208,565694,415686,422.02,2018-11-25T01:06:50.590Z
209,1984383,67363,332.93,2022-03-24T19:16:44.335Z
210,213512,453526,468.86,2021-08-27T08:14:56.332Z
211,1914461,364981,622.85,2018-05-02T01:16:17.773Z
212,1224273,98791,883.62,2019-08-13T10:03:15.754Z
213,1251909,163903,709.47,2024-06-01T02:19:36.021Z
214,1409193,477293,612.24,2022-06-22T09:44:40.871Z
215,1205583,139885,83.64,2023-09-25T21:17:16.104Z
216,1116237,438859,35.08,2023-10-30T12:27:49.833Z
217,1569427,440010,605.44,2023-01-07T22:35:09.146Z
218,652623,206643,569.82,2019-11-14T11:19:28.221Z
219,160513,175464,704.23,2022-08-04T21:28:59.101Z
220,1683799,52652,384.21,2025-06-07T14:24:56.436Z
221,1272224,393369,18.93,2024-03-05T11:59:19.390Z
222,399684,174290,187.29,2023-05-31T00:15:49.204Z
223,1641293,265422,379.87,2023-05-25T21:11:38.465Z
224,276412,175356,749.23,2025-06-10T05:25:58.262Z
225,1610673,292378,273.83,2018-03-20T15:45:53.826Z
226,1951197,497083,195.99,2023-04-10T18:12:58.085Z
227,1559416,99001,269.69,2022-08-17T07:06:02.617Z
228,10037,450084,261.85,2024-04-29T20:36:06.866Z
229,156611,70501,258.32,2024-11-26T02:05:44.748Z
230,1662406,192414,415.72,2018-02-23T01:13:37.650Z
231,1316784,6672,934,2018-04-13T07:29:50.034Z
232,145987,196873,329.96,2019-12-30T23:43:05.001Z
233,174815,485945,87.17,2023-05-08T15:16:12.550Z
234,1567346,45487,459.35,2024-02-10T23:02:41.676Z
235,381598,253622,836.5,2018-05-29T15:34:41.092Z
236,1617327,247604,265.52,2021-12-26T05:33:14.061Z
237,725942,382911,179.27,2022-05-26T15:51:38.517Z
238,1660885,379196,357.19,2020-12-06T08:10:52.749Z
239,370,12257,254.47,2018-04-04T02:39:04.836Z
240,970632,187127,285.21,2023-04-22T22:11:59.469Z
241,1095378,169028,870.26,2018-05-30T17:16:02.154Z
242,1884873,124463,878.01,2022-09-28T12:19:49.511Z
243,1921269,489240,457.08,2019-02-28T14:41:13.253Z
244,297581,453767,739.91,2019-01-11T06:28:16.721Z
245,1370541,321238,396.81,2019-05-01T10:06:22.635Z
246,885571,281081,524.1,2020-12-25T17:46:01.632Z
247,1161030,494344,98.42,2024-09-05T02:52:12.259Z
248,1173765,203633,617.55,2022-11-28T06:19:07.270Z
249,995759,479730,295.78,2025-06-12T18:45:28.829Z
250,1355162,429078,758.46,2023-07-19T20:43:17.647Z
251,1764676,33739,742.55,2022-09-16T23:05:10.795Z
252,1894748,373154,303.1,2018-07-14T06:35:04.148Z
253,1173420,428737,934.61,2018-07-16T23:36:22.470Z
254,956594,153950,116.29,2025-12-03T01:42:45.743Z
255,13479,39537,984.86,2019-10-02T18:17:07.956Z
256,843420,161990,62.24,2024-08-04T18:19:45.774Z
257,716355,7652,774.71,2025-12-23T11:27:25.771Z
258,147638,89952,170.63,2024-04-09T07:31:29.657Z
259,1350701,330824,753.99,2023-10-05T02:00:22.167Z
260,1032327,454787,335.53,2018-03-08T13:28:32.106Z
261,851507,73725,410.76,2020-11-17T04:49:30.550Z
262,625876,32965,393.74,2024-04-16T14:38:35.054Z
263,158952,191031,53.88,2024-06-06T13:27:20.046Z
264,1939808,156429,734.84,2020-07-06T11:29:54.124Z
265,1822875,198619,827.59,2025-06-04T10:55:13.351Z
266,1177613,141686,73.97,2025-03-07T04:29:15.053Z
267,865770,428543,953.94,2025-11-19T15:03:20.339Z
268,946887,497349,486.4,2025-01-25T02:02:02.893Z
269,768421,416150,800.14,2020-12-27T05:39:16.711Z
270,1969503,444245,301.21,2023-03-14T12:34:07.534Z
271,561611,385459,303.43,2025-08-24T08:11:16.425Z
272,242734,158314,346.59,2022-01-28T14:13:14.456Z
273,1068758,214435,490.56,2019-06-09T12:52:18.028Z
274,242612,401297,496.34,2022-11-13T22:58:58.280Z
275,1388519,178821,901.17,2023-02-15T11:39:37.644Z
276,1722951,286789,304.02,2022-03-20T03:16:22.162Z
277,1253536,309702,507.93,2024-03-12T21:10:53.450Z
278,1526321,371955,772.04,2025-05-31T23:33:18.306Z
279,1538920,328512,398.65,2024-05-01T05:24:46.032Z
280,882304,378203,690.58,2019-03-07T09:21:26.428Z
281,1043977,457468,581.07,2020-04-03T16:36:25.034Z
282,878735,209502,867.74,2022-05-16T03:40:24.349Z
283,1092185,29926,447.44,2021-10-29T00:20:42.246Z
284,1547005,54428,218.36,2024-01-27T02:15:52.555Z
285,1829842,126191,19.83,2025-04-21T14:04:10.544Z
286,282012,387793,205.71,2023-12-16T12:46:57.972Z
287,827164,328635,442.63,2023-10-27T13:45:58.431Z
288,89296,146226,154.79,2018-06-14T07:28:48.303Z
289,1682648,51673,263.01,2019-10-27T00:50:50.478Z
290,1544989,77152,503.01,2019-01-06T12:10:37.034Z
291,1894906,192395,331.34,2020-02-20T13:43:55.976Z
292,1176735,105871,873.21,2023-02-04T02:42:43.871Z
293,162490,104860,277.34,2022-09-18T16:29:11.031Z
294,1385888,11345,67.1,2024-06-27T05:38:35.020Z
295,570368,240521,871.63,2025-01-26T02:37:33.546Z
296,1221979,20450,891.96,2018-05-16T12:43:50.454Z
297,1359711,210309,582.29,2022-02-01T19:02:34.967Z
298,1900436,343748,201.62,2021-07-31T00:29:05.874Z
299,1919858,93108,267.66,2025-12-07T16:49:27.385Z
300,1360881,76801,34.71,2024-01-17T08:08:51.947Z
301,1063353,379471,760.17,2023-02-28T08:51:22.256Z
302,1211413,342235,643.2,2023-05-30T07:47:20.097Z
303,1362799,424600,565.01,2024-09-11T16:33:09.310Z
304,316892,171788,427.37,2020-11-08T14:30:04.886Z
305,783361,403480,646.79,2023-03-13T19:47:46.563Z
306,87526,412888,165.07,2022-04-16T10:06:23.889Z
307,157556,279589,17.3,2025-01-09T21:18:21.899Z
308,1033908,92948,113.1,2019-06-25T05:19:37.608Z
309,1102439,476898,675.98,2018-03-26T14:46:35.499Z
310,940146,380898,684.49,2023-02-03T10:12:37.953Z
311,1791239,390138,779.12,2023-12-07T23:00:45.735Z
312,604128,237304,894.29,2023-06-22T08:30:55.219Z
313,133616,76743,886.21,2021-06-09T15:58:23.906Z
314,498212,325689,838.73,2023-01-12T03:13:18.794Z
315,843070,211662,64.06,2024-05-22T03:03:55.699Z
316,1894241,342602,77.12,2018-02-15T23:24:40.199Z
317,337680,176864,265.51,2020-01-31T21:39:49.486Z
318,1062227,34137,550.6,2023-11-24T19:43:48.064Z
319,70999,142171,527.89,2018-06-27T19:46:47.271Z
320,1176553,353360,110.82,2020-11-23T12:28:45.388Z
321,1583983,91114,255.24,2018-11-30T16:29:26.978Z
322,1401221,115865,261.93,2022-06-28T19:21:42.490Z
323,1831286,350282,177.81,2021-08-17T14:13:09.729Z
324,133517,59366,981.4,2022-11-14T16:39:50.098Z
325,786638,260967,769.92,2018-10-30T05:17:31.774Z
326,1034350,454881,430.7,2021-01-08T07:58:19.299Z
327,1582943,469876,252,2023-01-06T04:49:42.731Z
328,859877,462044,697.86,2023-10-04T18:15:51.105Z
329,870006,68584,426.84,2019-02-14T19:02:08.961Z
330,1787420,11959,238.8,2020-05-14T03:50:38.544Z
331,588735,396763,96.15,2022-09-20T00:16:07.606Z
332,731774,355010,451.07,2020-06-02T23:09:55.366Z
333,1764319,367184,342.31,2018-03-22T12:40:52.996Z
334,779116,383279,864.39,2022-12-28T16:29:02.276Z
335,1099787,14865,186.93,2021-08-15T02:38:02.294Z
336,203164,89287,983.99,2025-10-01T10:00:51.549Z
337,390745,387355,961.19,2020-01-01T03:42:02.447Z
338,1062999,227098,702.74,2020-04-01T10:16:39.901Z
339,776126,339629,127.86,2022-10-01T04:24:55.060Z
340,298343,330196,731.47,2025-01-19T00:21:59.143Z
341,511649,137794,733.35,2024-05-25T19:34:45.153Z
342,1964619,297775,350.95,2024-08-29T13:13:24.938Z
343,168578,367778,535.79,2019-04-07T03:24:57.863Z
344,688708,277388,744.63,2024-10-09T03:24:37.341Z
345,1879065,177959,56,2024-03-29T19:13:04.569Z
346,933216,451862,531.34,2020-07-14T19:46:15.341Z
347,478075,266343,930.56,2025-04-02T22:50:45.983Z
348,368871,347471,802.99,2021-08-25T00:36:06.486Z
349,1972721,151056,36.93,2020-01-20T02:14:15.431Z
350,1116111,91831,610.73,2022-05-13T14:10:36.232Z
351,1976956,334862,68.8,2024-09-06T10:05:08.619Z
352,1948137,117092,26.64,2020-02-19T11:16:31.813Z
353,959980,79847,769.83,2021-01-21T19:07:42.919Z
354,1653836,317232,98.32,2018-05-09T18:45:32.677Z
355,1609026,299195,558.7,2022-10-26T13:52:02.310Z
356,202958,82567,140.95,2021-09-14T05:30:17.240Z
357,725861,211422,459.06,2024-04-27T04:47:20.191Z
358,1646874,338046,708.58,2025-01-06T08:06:43.719Z
359,898446,276331,465.03,2018-11-05T14:03:48.733Z
360,833054,422411,765.46,2025-04-21T10:29:38.825Z
361,213675,1759,418.42,2020-06-07T18:16:41.608Z
362,1661446,215806,532.35,2021-11-20T16:34:22.766Z
363,912240,219994,658.29,2023-09-29T16:13:48.527Z
364,1814769,90676,771.12,2020-12-22T07:17:05.795Z
365,1714138,71342,348.86,2025-02-08T14:58:22.332Z
366,1992026,475098,15.22,2025-02-27T04:27:04.304Z
367,226958,479515,48.06,2025-04-01T14:52:35.488Z
368,1517064,144028,417.23,2023-01-08T03:55:26.350Z
369,760063,299480,245.95,2023-08-24T08:50:50.602Z
370,335529,197840,840.24,2022-08-23T22:41:33.648Z
371,428359,120584,222.79,2019-05-31T03:11:20.133Z
372,130,325180,556.69,2019-01-21T15:24:53.298Z
373,244115,363801,641.71,2025-02-26T10:25:35.741Z
374,927807,454297,355.6,2021-10-02T06:53:25.880Z
375,1667907,139239,672.28,2022-04-21T05:55:50.320Z
376,1155377,276381,895.86,2020-10-16T08:38:49.830Z
377,1641895,297622,982.19,2020-04-12T23:03:38.123Z
378,427817,150988,622.01,2025-04-03T04:02:57.189Z
379,279861,372354,457.66,2023-10-11T05:13:37.893Z
380,51804,320191,82.45,2024-04-09T20:10:26.350Z
381,1841652,56720,247.74,2020-02-23T15:31:19.309Z
382,1565736,167647,557.88,2022-03-28T07:10:42.564Z
383,589601,354960,590.61,2019-07-27T04:49:28.250Z
384,855414,128276,425.11,2021-02-19T00:41:50.944Z
385,1736405,248509,306.32,2022-12-20T22:23:04.921Z
386,684569,102584,472.33,2021-03-14T20:43:19.457Z
387,1416255,491639,698.36,2021-09-22T17:20:02.932Z
388,1767041,96245,850.65,2022-09-22T10:02:18.872Z
389,1575202,54551,757.93,2019-10-29T09:46:08.502Z
390,227461,138763,388.12,2018-12-12T04:31:25.995Z
391,1957205,176193,494.91,2019-05-16T21:04:57.323Z
392,1862069,252662,67.75,2023-03-26T23:14:35.155Z
393,607084,12644,687.08,2018-11-06T22:16:58.337Z
394,1519364,464438,444.57,2018-06-09T08:53:37.368Z
395,839764,485230,273.81,2024-03-24T19:40:22.213Z
396,1307172,459125,682.38,2025-01-04T17:15:06.043Z
397,977574,387351,82.01,2020-12-01T23:29:24.701Z
398,1688628,229070,94.38,2022-06-15T10:53:17.758Z
399,1974248,14856,703.68,2022-06-15T20:34:30.825Z
400,727494,498510,909.48,2020-07-03T04:33:19.924Z
401,1019101,230266,526.43,2021-06-13T16:31:18.063Z
402,1002792,66466,145.48,2022-07-20T08:24:05.182Z
403,392093,7561,34.16,2023-05-29T00:46:15.453Z
404,1025690,222224,674.21,2020-04-22T08:24:14.264Z
405,230777,219375,113.76,2018-03-15T22:26:04.605Z
406,94161,379176,413.52,2023-07-22T20:23:31.374Z
407,89928,323811,546.15,2022-12-14T15:30:28.981Z
408,1258149,336436,111.78,2024-10-09T13:16:01.726Z
409,1955438,380217,227.34,2022-04-15T21:27:09.033Z
410,1116544,405134,536.71,2018-07-05T22:41:03.658Z
411,1620947,68827,985.14,2018-11-02T19:19:08.000Z
412,1990621,99606,348.65,2024-01-21T22:23:50.736Z
413,766486,304039,119.85,2018-08-01T08:11:47.488Z
414,1806304,269606,8.78,2021-03-26T08:42:24.778Z
415,128314,110483,803.9,2025-12-01T07:02:47.953Z
416,640963,415359,172.71,2022-01-08T00:52:47.764Z
417,918836,198981,874.85,2024-12-04T07:12:25.804Z
418,299862,462256,674.42,2025-03-13T14:02:35.657Z
419,849374,269174,647.16,2022-02-01T16:56:34.781Z
420,1294810,265016,396.22,2022-08-01T00:10:43.122Z
421,831914,123840,134.21,2021-10-13T22:41:19.765Z
422,918915,336044,525.19,2019-10-01T08:04:11.659Z
423,1257208,279620,300.14,2022-02-28T19:00:47.911Z
424,676820,63378,268.37,2021-07-12T14:56:41.668Z
425,301380,46364,837.37,2020-03-20T10:08:52.386Z
426,627292,318399,906.23,2020-02-07T15:27:35.430Z
427,1972173,38331,478.84,2025-04-28T05:37:31.553Z
428,1000445,44169,113.28,2021-05-07T14:32:41.485Z
429,209864,467256,565.31,2024-09-29T13:20:22.274Z
430,1363874,318211,15,2024-05-08T09:19:17.688Z
431,1316521,7159,370.22,2025-02-23T18:03:36.639Z
432,898850,308877,784.2,2025-02-06T04:01:32.984Z
433,17917,456364,682.73,2024-10-26T13:47:23.838Z
434,1350155,263223,787.01,2025-06-29T18:29:58.465Z
435,310782,98545,385.09,2021-01-30T11:32:10.753Z
436,1828070,105423,490.77,2021-01-03T23:38:51.757Z
437,1275774,345816,852.37,2024-10-01T02:00:37.235Z
438,188090,339296,540.73,2018-06-19T21:23:38.713Z
439,642801,226147,564.51,2020-04-20T05:07:46.983Z
440,1567716,171403,836.26,2019-11-27T15:59:39.892Z
441,353818,384835,704.91,2025-02-08T11:12:36.399Z
442,1386937,197261,886.88,2022-03-21T19:24:04.564Z
443,1667951,205846,974.41,2023-01-01T04:13:42.913Z
444,1885213,274622,508.06,2025-08-08T11:38:44.235Z
445,1661347,281466,374.87,2025-05-21T05:20:48.964Z
446,1047441,442,421.12,2022-09-13T18:29:32.656Z
447,106293,433840,966.86,2019-01-10T10:28:06.417Z
448,1886716,236724,575.59,2020-05-20T08:01:32.744Z
449,814571,285946,238.88,2022-04-13T01:48:06.034Z
450,1837712,352968,763.82,2023-01-10T11:05:11.469Z
451,902710,2966,227.28,2018-07-12T05:45:44.422Z
452,955543,305348,721.94,2022-08-17T11:56:30.715Z
453,269683,204969,331.58,2021-04-02T09:26:54.759Z
454,1710706,161688,526.84,2020-01-03T05:25:00.941Z
455,1648095,340211,750.96,2021-10-02T20:14:35.958Z
456,300306,163202,237.72,2018-02-20T20:38:03.012Z
457,1283033,437447,118.2,2023-05-02T19:11:35.399Z
458,438916,497058,557.5,2023-11-27T03:17:16.615Z
459,1197273,61055,585.83,2021-04-22T23:32:12.133Z
460,1379858,111400,456.38,2025-07-27T16:05:27.048Z
461,398445,65665,295.13,2019-10-06T00:34:38.102Z
462,805888,142707,288.29,2025-09-11T03:33:47.100Z
463,1007739,305236,855.31,2020-12-08T00:18:06.760Z
464,1380221,373993,562.11,2025-08-24T06:32:47.739Z
465,700808,247724,556.98,2019-12-20T11:06:05.550Z
466,1967110,226520,423.58,2025-08-02T10:33:06.094Z
467,97263,85462,437.53,2023-01-07T11:52:14.135Z
468,1284040,212077,453.38,2019-11-25T16:04:02.636Z
469,1039186,393485,412.36,2022-09-13T12:57:17.330Z
470,387924,245581,229.82,2023-10-23T20:08:39.067Z
471,1463038,370543,377.05,2018-01-28T07:20:06.820Z
472,107756,15982,202.85,2024-10-09T12:36:32.574Z
473,1313936,143075,227.16,2018-11-01T22:57:24.405Z
474,944736,396120,334.12,2025-02-27T17:31:42.870Z
475,543909,28894,16.4,2018-05-05T22:21:21.682Z
476,1634866,182616,215.9,2025-09-03T21:08:34.163Z
477,951191,140901,864.35,2025-01-23T07:22:52.715Z
478,1931795,293122,1.58,2024-01-22T20:21:20.782Z
479,1692410,487272,490.32,2022-05-12T21:00:25.364Z
480,981140,343408,357.93,2021-11-11T17:44:35.754Z
481,937648,178472,404.26,2023-09-13T08:21:55.628Z
482,1122275,425058,310.53,2023-08-21T09:00:49.245Z
483,277823,60406,734.34,2025-11-17T06:38:01.060Z
484,893088,370675,208.13,2020-05-02T19:49:36.383Z
485,209933,378392,646.74,2025-10-16T17:41:30.202Z
486,1798132,193933,987.41,2021-04-16T03:51:16.030Z
487,1040071,321221,610.85,2025-11-10T06:21:44.019Z
488,1733648,340119,828.62,2022-06-12T06:34:29.529Z
489,599348,299124,677.43,2024-10-03T23:33:46.823Z
490,55094,193176,137.94,2018-06-01T12:26:56.060Z
491,1959376,231480,143.85,2023-11-23T12:58:52.831Z
492,78066,88284,785.55,2020-06-28T01:47:24.503Z
493,1674947,458841,324.88,2022-07-19T03:33:35.053Z
494,670922,428148,500.99,2023-12-10T02:27:01.469Z
495,411495,406486,376.22,2022-05-13T06:44:41.650Z
496,575182,123517,878.81,2021-07-16T21:22:42.238Z
497,264917,268255,962.16,2020-04-14T06:56:50.836Z
498,27816,331589,103.99,2022-04-09T16:20:45.440Z
499,997995,124337,499.37,2021-06-24T12:32:34.698Z
500,744123,258378,276.33,2021-04-02T21:18:23.589Z
501,6190,439761,25.73,2019-08-06T12:47:33.743Z
502,99629,495686,652.42,2021-12-26T01:31:55.103Z
503,1482089,236482,493.28,2025-09-07T09:13:27.385Z
504,890203,349865,226.7,2023-10-21T21:53:35.229Z
505,656193,300286,356.11,2020-08-23T03:25:02.904Z
506,1990633,104365,824.95,2020-03-17T20:14:22.234Z
507,1575448,263315,837.43,2018-07-28T16:34:16.934Z
508,1586747,194205,859.74,2022-06-14T04:52:59.981Z
509,404442,86947,53.12,2021-04-15T13:08:23.061Z
510,603550,229453,447.52,2019-03-24T09:25:19.862Z
511,1691414,499547,955.99,2018-11-11T23:38:09.411Z
512,1398576,392050,838.08,2021-05-04T18:49:54.649Z
513,1058041,300768,621.25,2019-04-04T08:03:35.677Z
514,1526252,199485,318.78,2025-02-15T00:23:26.357Z
515,588339,404796,201.95,2021-01-10T08:37:08.956Z
516,378034,272860,408.53,2024-03-25T00:03:47.437Z
517,683806,98322,886.4,2022-02-03T12:48:59.104Z
518,1896636,17201,534.27,2024-03-07T16:40:30.312Z
519,507229,288033,655.49,2023-06-06T12:15:02.123Z
520,120962,244220,271.58,2018-09-11T14:46:07.469Z
521,1449921,222918,365.41,2021-08-22T11:57:20.369Z
522,17320,265030,431.89,2019-12-08T16:04:34.441Z
523,1124749,359852,195.62,2020-04-06T16:47:52.922Z
524,373049,405907,563.99,2020-03-24T02:34:52.345Z
525,549904,55698,816.48,2019-03-06T00:20:36.031Z
526,1802945,292557,587.32,2024-03-19T09:05:33.216Z
527,685012,141219,836.23,2025-12-27T17:52:56.422Z
528,326329,267828,721.18,2018-01-28T20:34:01.980Z
529,951408,17990,325.36,2025-07-05T03:33:29.403Z
530,1485252,60916,636.21,2023-07-13T14:14:47.122Z
531,1211187,436611,93.74,2019-05-23T10:57:09.939Z
532,920679,233724,45.19,2023-04-17T01:00:45.883Z
533,332334,100488,799.33,2020-08-08T12:36:19.331Z
534,169861,51887,684.97,2020-11-29T23:29:04.593Z
535,1461985,127839,794.35,2019-05-08T12:46:04.393Z
536,587215,165010,873.87,2019-08-22T04:28:48.929Z
537,1970928,240625,574.25,2022-10-31T23:30:43.707Z
538,498992,102381,724.86,2025-05-01T08:53:20.189Z
539,1262012,396932,822.28,2018-04-10T09:03:44.824Z
540,582319,162565,483.58,2022-01-26T21:31:34.659Z
541,1873286,377000,297.34,2022-03-06T21:05:13.358Z
542,346829,6438,687.52,2021-09-05T22:02:10.967Z
543,1698247,20797,593.31,2025-10-20T10:38:56.019Z
544,739668,364078,801.39,2022-06-13T10:09:54.889Z
545,1191408,249733,505.57,2020-11-14T11:46:24.366Z
546,291985,42673,474.9,2020-09-19T10:34:22.843Z
547,430209,90842,196.27,2018-12-01T00:15:52.780Z
548,1994200,362442,303.76,2020-08-24T14:35:28.389Z
549,1671131,122096,564.85,2018-02-06T07:27:20.262Z
550,1677277,292279,949.31,2020-10-04T23:23:46.912Z
551,558389,296850,584.21,2020-08-18T15:41:39.238Z
552,1773135,439004,614.62,2019-04-18T18:11:29.201Z
553,371580,296812,100.19,2022-07-12T11:21:31.387Z
554,1575187,27154,578.6,2023-07-23T15:05:56.555Z
555,429564,247879,55.57,2021-02-04T01:06:47.076Z
556,1285238,219250,406.8,2020-09-03T13:45:57.996Z
557,722742,306470,883.21,2019-08-19T07:36:23.674Z
558,165289,150966,280.53,2020-02-24T08:53:01.790Z
559,1307024,309309,699.46,2018-09-17T09:21:43.579Z
560,1038727,8748,403.24,2022-04-25T23:16:30.034Z
561,553797,458835,35.89,2019-10-23T21:31:38.344Z
562,482538,297241,97.2,2023-02-15T01:31:08.008Z
563,1718861,488805,139.11,2021-09-22T13:31:05.668Z
564,20507,339311,872.93,2025-04-10T09:09:47.853Z
565,843103,322282,707.26,2023-09-06T04:34:31.484Z
566,468633,4339,922.86,2021-03-02T19:59:59.383Z
567,1763508,110280,193.83,2022-07-27T04:59:51.765Z
568,1061238,322806,413.45,2022-08-21T00:31:27.737Z
569,1723101,254220,905.54,2022-09-19T01:50:21.093Z
570,57962,457818,389.91,2022-05-15T21:20:40.867Z
571,4090,419948,625.13,2018-08-04T18:36:17.931Z
572,36776,185078,179.13,2022-05-02T07:01:36.262Z
573,1711308,438073,831.08,2021-02-14T16:20:05.679Z
574,1794246,117510,478.3,2020-06-08T22:09:00.286Z
575,1316817,61538,4.29,2021-09-19T08:15:25.342Z
576,658539,172759,656.79,2025-08-16T02:06:05.461Z
577,425702,258303,966.18,2023-03-22T13:18:03.102Z
578,428783,200367,868.47,2023-01-08T04:14:13.997Z
579,886943,232620,813.91,2023-06-18T20:26:44.614Z
580,349567,328042,507.85,2019-07-25T09:53:39.154Z
581,1820735,323214,439.07,2021-04-30T14:50:03.911Z
582,915903,267040,441.26,2025-08-23T04:30:26.538Z
583,801020,456193,590.52,2025-10-09T19:26:14.801Z
584,488084,88142,429.89,2019-01-26T19:51:26.251Z
585,1726264,392643,252.9,2018-08-16T07:19:37.666Z
586,210660,454670,690.79,2022-06-07T13:32:20.769Z
587,1818146,22750,380.2,2022-11-22T16:12:44.659Z
588,30256,146274,180.01,2024-10-15T16:18:55.259Z
589,1503939,307752,795.04,2023-04-05T05:44:56.930Z
590,459198,482633,32.39,2025-10-28T10:33:50.323Z
591,1875920,495899,438.72,2018-12-28T09:07:53.985Z
592,142716,240736,566.11,2019-10-29T13:18:59.883Z
593,71582,357721,294.9,2025-12-05T18:03:37.190Z
594,938824,261634,519.04,2022-10-26T18:19:15.133Z
595,1551619,258490,270.53,2019-08-29T21:32:42.180Z
596,825608,272302,682.75,2021-11-29T22:41:12.983Z
597,25019,303880,368.01,2020-12-27T17:35:34.684Z
598,1590171,121605,24.41,2018-10-14T10:12:43.269Z
599,943607,132751,159.16,2022-06-23T06:23:18.431Z
600,435240,345272,66.47,2018-05-09T22:24:00.283Z
601,959221,249717,634.79,2024-05-23T11:23:52.417Z
602,1108885,137757,96.88,2018-08-01T08:46:52.598Z
603,1829792,214665,257.44,2019-05-18T05:10:29.319Z
604,1375555,412484,995.47,2020-02-05T07:55:52.332Z
605,1883857,414035,427.24,2024-08-13T04:24:19.721Z
606,1770292,7364,374.35,2020-11-12T19:36:13.896Z
607,542600,239628,217.22,2019-07-25T14:09:13.604Z
608,767043,95551,55.76,2019-06-03T09:13:35.418Z
609,1478242,375412,774.18,2021-03-26T08:41:35.755Z
610,1474095,443976,528.27,2024-10-10T03:39:45.945Z
611,1761833,320146,600.16,2021-05-22T06:45:19.382Z
612,1584754,250936,970.26,2019-03-26T10:42:02.976Z
613,1441335,262167,207.56,2022-10-21T13:58:19.698Z
614,580300,128256,364.19,2022-07-05T12:39:31.628Z
615,1424529,294776,207.73,2024-06-01T17:39:17.318Z
616,1685306,106178,987.28,2020-10-21T15:23:15.508Z
617,471844,20906,723,2024-10-14T06:40:45.262Z
618,905452,127325,750.16,2019-02-19T07:54:35.249Z
619,1955328,40077,724.31,2024-04-10T10:05:43.639Z
620,711549,182104,250.87,2021-05-05T08:30:33.638Z
621,1869855,428210,607.04,2024-06-25T17:42:20.954Z
622,40502,264403,2.45,2024-04-17T16:33:03.247Z
623,1192150,394305,514.97,2025-11-19T01:44:15.876Z
624,733061,484063,328.15,2025-08-16T20:51:39.739Z
625,1033921,336101,504.72,2023-08-01T04:45:17.857Z
626,1268225,476116,974.01,2018-05-18T11:19:52.138Z
627,722545,40298,21.03,2020-04-14T21:31:11.473Z
628,502730,226813,423.31,2025-01-21T17:01:41.822Z
629,1608127,33715,530.02,2023-06-18T22:05:58.502Z
630,803859,313589,873.68,2024-09-23T11:51:55.545Z
631,557469,213034,265.91,2020-03-25T16:09:17.345Z
632,759195,267171,22.99,2020-01-29T11:31:26.663Z
633,530309,174607,623.99,2018-10-09T11:10:12.238Z
634,920465,488181,180.51,2019-04-27T17:32:31.020Z
635,33959,1699,351.37,2023-01-13T03:50:58.059Z
636,1845504,160166,247.13,2019-07-08T03:19:24.880Z
637,897672,182233,982.5,2021-04-10T03:42:11.823Z
638,1010628,317458,977.72,2024-09-06T18:57:53.044Z
639,1259670,232395,70.31,2025-12-26T04:16:13.522Z
640,463754,312648,282.05,2021-03-04T08:41:31.934Z
641,824618,486984,371.26,2023-06-29T06:43:30.091Z
642,735027,430181,100.33,2018-08-24T04:13:03.332Z
643,377560,54972,88.8,2018-09-15T07:46:29.452Z
644,1460919,17519,672.35,2022-11-09T06:34:43.859Z
645,1616420,274704,300.7,2023-06-29T02:38:50.868Z
646,665598,262994,739.81,2020-12-14T08:22:38.079Z
647,903296,43936,122.26,2022-07-15T08:50:19.578Z
648,1941500,227145,263.56,2025-08-10T23:40:25.506Z
649,1954584,208721,613.65,2020-09-13T11:37:28.475Z
650,1380113,141179,661.65,2025-02-27T01:15:23.877Z
651,926408,132503,323.87,2018-05-02T18:48:09.985Z
652,1814604,495533,739.46,2025-02-02T21:13:42.519Z
653,834270,337152,913.95,2023-08-20T15:43:41.211Z
654,347771,16626,438.2,2020-05-23T18:05:09.691Z
655,552998,301802,487.43,2021-05-05T22:57:31.422Z
656,1795254,4092,106.16,2020-10-18T06:31:58.687Z
657,158393,31875,135.39,2022-05-03T23:21:42.768Z
658,1236869,232363,939.83,2019-08-27T20:23:03.932Z
659,537251,33510,249.32,2023-03-02T12:01:46.155Z
660,1186712,136106,188.52,2025-08-16T10:35:28.263Z
661,861281,246339,411.03,2019-05-21T18:12:46.850Z
662,489385,430968,970.37,2023-11-16T12:34:17.859Z
663,454803,447553,242.02,2024-06-19T07:09:51.882Z
664,413832,382690,89.24,2024-01-29T02:26:54.489Z
665,1919880,15881,105.5,2021-01-10T06:44:52.874Z
666,1225726,102984,754.37,2025-02-16T18:45:15.119Z
667,363251,134827,771.78,2023-02-21T01:34:39.164Z
668,1436313,175093,659.22,2020-08-25T06:37:35.474Z
669,387661,76283,496.35,2020-05-23T09:09:54.022Z
670,131580,60500,461.16,2023-06-07T11:23:56.276Z
671,307927,82896,660.78,2022-01-08T05:55:52.662Z
672,1343261,449320,285.34,2019-01-19T00:17:10.353Z
673,1767497,71916,1.18,2021-11-16T15:26:04.277Z
674,498784,15461,37.65,2020-03-12T03:00:07.031Z
675,1132855,151505,446.55,2021-09-28T21:18:02.697Z
676,1087904,354825,383.77,2022-07-20T05:15:03.522Z
677,1854438,303988,617.04,2021-08-30T14:16:28.824Z
678,343647,350517,382.7,2024-11-24T15:38:35.720Z
679,556804,421192,360.66,2018-01-21T12:02:46.447Z
680,1958800,91168,776.42,2022-08-20T17:13:32.158Z
681,1165169,333657,648.54,2023-06-15T21:07:44.016Z
682,1483202,199872,296.42,2020-06-14T17:37:47.948Z
683,96843,207481,458.57,2019-04-03T00:43:29.926Z
684,1043971,473033,927.71,2018-11-27T02:20:01.742Z
685,840204,15696,19.72,2021-11-15T20:24:52.155Z
686,1959918,336830,727.5,2025-01-19T21:32:21.489Z
687,767036,284433,263.63,2021-11-22T13:50:22.720Z
688,556812,450960,141.89,2021-08-10T00:44:50.211Z
689,843415,293843,520.89,2025-08-06T16:29:36.839Z
690,1393585,385723,126.95,2025-12-23T11:34:08.242Z
691,447415,424163,763.34,2023-01-09T11:09:13.319Z
692,1109070,59736,117.74,2023-08-20T21:21:06.840Z
693,249588,351796,706.41,2023-08-20T13:08:14.315Z
694,1729604,279281,55.95,2024-11-30T14:14:11.317Z
695,266071,417789,541.75,2022-01-31T03:41:33.108Z
696,963010,204090,783.79,2018-03-29T07:59:31.782Z
697,310303,80222,461.48,2018-01-19T06:15:03.381Z
698,1476378,227421,688.7,2018-12-01T09:11:00.160Z
699,594092,381039,258.7,2025-01-01T02:59:21.671Z
700,1714435,249045,248.19,2020-05-04T06:00:27.771Z
701,916306,157213,514.09,2025-10-24T11:49:50.571Z
702,756010,428121,859.7,2022-04-25T17:46:02.805Z
703,1003817,53993,296.45,2022-08-16T13:36:33.418Z
704,117696,240505,292.01,2024-10-07T01:25:26.616Z
705,439371,332379,821.67,2022-03-13T08:54:53.284Z
706,100596,277736,424.36,2019-02-01T22:21:21.876Z
707,1068768,352215,756.77,2025-08-22T09:05:59.199Z
708,978697,157326,225.36,2018-01-18T05:27:56.942Z
709,1046077,478601,532.19,2023-01-06T20:12:32.244Z
710,936114,238843,79.39,2018-06-17T19:15:05.810Z
711,171109,487038,722.12,2025-11-10T19:07:52.514Z
712,895427,383342,644.23,2020-09-19T12:04:04.091Z
713,1432818,176209,373.68,2023-08-06T07:04:08.288Z
714,537219,442743,283.38,2019-01-10T21:08:38.238Z
715,348418,163507,995.33,2024-06-06T08:42:07.658Z
716,1902173,493027,364.58,2019-08-24T07:13:44.415Z
717,1923075,22103,926.68,2023-07-05T23:58:44.342Z
718,15447,76293,824.88,2024-03-19T18:20:21.146Z
719,1027667,188670,464.67,2018-10-04T18:39:25.045Z
720,157754,203085,747.99,2025-01-30T21:12:05.494Z
721,24157,347954,303.46,2020-09-17T04:44:40.747Z
722,1543521,266414,73.4,2018-09-07T12:28:21.552Z
723,171685,417385,399.44,2025-06-09T01:44:28.698Z
724,536086,104385,450.9,2023-10-11T03:33:18.641Z
725,74837,106102,769.67,2021-11-27T11:38:33.597Z
726,1828725,65588,524.95,2022-06-18T14:24:13.731Z
727,1829774,68913,150.05,2018-02-22T14:13:30.628Z
728,1649774,220783,184.58,2019-09-15T06:48:45.157Z
729,1963531,319307,278.18,2025-12-08T05:18:40.092Z
730,1289871,167832,322.01,2018-09-21T23:50:00.786Z
731,1944971,236947,230.94,2025-07-24T09:39:02.174Z
732,975138,475861,308.93,2022-06-01T05:15:44.627Z
733,2788,297570,165.3,2018-11-27T21:17:06.515Z
734,652018,257119,190.8,2024-11-15T09:54:54.489Z
735,1028519,23863,261.57,2025-01-13T15:01:29.773Z
736,1363657,293280,794.21,2021-12-23T17:40:37.627Z
737,511891,453843,270.93,2018-12-27T20:51:03.501Z
738,367811,307727,755.22,2025-08-01T22:54:58.738Z
739,1592999,475105,70.05,2025-10-08T11:45:31.364Z
740,1077537,357344,772.54,2025-02-01T07:06:50.118Z
741,80738,226087,780.8,2019-12-11T08:34:15.619Z
742,560259,86108,511.22,2023-03-15T13:01:28.427Z
743,109934,250494,676.44,2018-06-20T10:12:05.224Z
744,116510,213449,706.31,2019-03-06T09:25:51.203Z
745,1946295,253936,744.95,2025-07-27T00:29:29.992Z
746,1816801,414842,83.85,2019-11-04T00:12:45.873Z
747,1871835,344933,905.25,2024-02-19T12:57:24.129Z
748,1822305,291012,332.66,2021-04-21T04:48:09.580Z
749,337073,499183,987.22,2023-06-26T20:40:40.378Z
750,1346477,392202,561.75,2022-10-22T05:25:28.610Z
751,709065,227179,599.08,2024-02-28T18:43:39.778Z
752,1856514,166331,453.39,2019-06-01T14:11:31.419Z
753,1783318,82602,705.74,2020-06-24T15:02:07.030Z
754,200319,109939,318.24,2022-06-04T07:01:26.798Z
755,1840194,160259,139.03,2025-01-15T02:09:16.961Z
756,362418,227012,908.26,2020-07-12T07:17:51.946Z
757,335256,478955,685.58,2020-10-25T15:09:04.199Z
758,892859,465195,111.39,2019-04-01T17:41:58.831Z
759,1463843,75610,94.54,2021-01-07T13:10:42.052Z
760,1466784,92984,79.4,2018-02-03T04:16:41.636Z
761,366419,148276,590.86,2020-04-07T16:51:46.783Z
762,301258,38457,894.89,2023-07-20T23:49:12.770Z
763,1050403,224363,236.95,2024-06-14T13:15:46.750Z
764,240038,210799,55.95,2025-07-22T10:18:11.983Z
765,170117,168086,871.52,2023-05-08T21:22:16.924Z
766,1630519,255684,416.98,2023-03-17T18:52:09.363Z
767,1471400,159804,268.07,2024-11-30T20:08:02.168Z
768,731622,219619,369,2024-05-21T12:02:52.880Z
769,1924811,146563,891.5,2019-03-11T14:48:04.776Z
770,1353555,64733,534.8,2020-07-12T01:41:23.686Z
771,652995,155286,752.49,2018-09-14T10:18:20.590Z
772,1109487,219998,479.46,2019-03-29T05:20:10.292Z
773,385388,142209,889.27,2018-03-29T16:41:03.933Z
774,1200969,350374,728.87,2022-11-04T12:13:03.465Z
775,1630133,299389,564.08,2023-07-16T14:43:39.307Z
776,1210110,440563,788.44,2020-10-30T22:55:30.161Z
777,1440696,187471,813.44,2024-08-19T11:22:32.827Z
778,1051468,248034,448.2,2025-10-26T08:01:20.410Z
779,1046495,448283,881.13,2025-01-17T11:14:53.593Z
780,347855,476660,236.88,2023-02-26T14:04:08.548Z
781,1459356,452877,894.58,2018-03-15T06:42:58.745Z
782,859879,289605,597.86,2018-09-14T22:33:43.374Z
783,1384909,438360,278.06,2019-03-19T07:58:33.032Z
784,891554,37895,578.36,2023-04-04T23:08:46.051Z
785,134240,98997,708.34,2022-08-10T05:24:51.296Z
786,879920,8595,991.31,2023-07-07T06:46:32.861Z
787,1513127,253558,603.55,2022-09-10T06:44:14.929Z
788,773374,418228,811.78,2019-10-03T18:16:57.055Z
789,297962,115601,114.07,2025-06-27T22:36:52.820Z
790,876204,124161,588.62,2025-01-21T23:18:59.234Z
791,1766177,244571,150.67,2025-01-18T15:55:20.692Z
792,685420,496347,540.32,2024-09-24T21:10:39.452Z
793,928347,39105,94.04,2020-11-30T08:54:32.291Z
794,1103021,670,762.52,2024-02-17T01:33:15.096Z
795,1612282,39442,129.57,2025-02-03T15:30:16.538Z
796,540288,242160,719.69,2022-11-07T00:16:19.901Z
797,1019116,180789,8.33,2025-12-28T16:20:48.196Z
798,88508,212565,695.93,2022-08-23T10:09:38.413Z
799,1776798,470181,889.83,2021-01-20T22:46:50.875Z
800,584855,34572,703.04,2024-01-26T15:04:51.129Z
801,538636,47779,45.26,2019-11-03T22:07:15.783Z
802,659013,498800,462.55,2024-11-15T14:42:07.847Z
803,1342757,186535,784.91,2020-11-08T16:13:25.241Z
804,1370956,120902,13.24,2024-06-24T02:25:14.747Z
805,1071283,101843,531.63,2019-02-03T15:42:02.493Z
806,134684,463226,534.06,2019-11-09T14:50:15.238Z
807,720987,124865,353.3,2019-03-25T22:42:58.596Z
808,958451,75201,617.45,2022-11-03T14:36:12.808Z
809,1615110,484866,961,2019-03-09T16:30:39.571Z
810,777603,358629,903.71,2024-05-16T13:20:04.161Z
811,1724472,358463,647.05,2025-01-19T19:45:30.581Z
812,1512677,457363,315.02,2025-01-12T04:46:27.744Z
813,90303,488954,203.71,2022-10-05T20:45:48.627Z
814,1345787,200670,88.24,2021-03-28T00:42:39.624Z
815,400282,403138,781.42,2021-09-22T16:55:03.144Z
816,1448021,209469,874.6,2018-06-16T17:52:41.623Z
817,1427907,440847,774.43,2024-06-18T23:55:19.683Z
818,473561,17583,161.74,2020-06-20T14:57:33.513Z
819,1828834,191635,520.84,2025-08-18T18:04:15.313Z
820,1713123,52485,967.69,2018-04-03T02:37:29.403Z
821,109355,335905,394.62,2022-01-02T04:17:31.955Z
822,226339,142068,889.43,2021-11-03T22:49:46.951Z
823,723340,170429,976.52,2019-10-07T04:53:34.967Z
824,682218,256757,318.74,2019-12-09T07:35:41.297Z
825,224567,470475,386,2018-04-24T13:35:54.349Z
826,952657,151942,699.19,2025-10-14T09:20:06.692Z
827,1276294,274002,418,2025-06-13T10:52:32.169Z
828,1918267,95702,245.5,2019-12-06T07:50:33.138Z
829,701018,449073,459.53,2019-10-26T11:24:09.230Z
830,24415,318143,813.61,2023-12-29T18:14:25.690Z
831,56716,164739,643.76,2022-02-22T04:41:45.646Z
832,995388,197130,339.43,2025-12-14T15:26:12.609Z
833,879393,264505,143.71,2020-01-30T20:29:21.423Z
834,405580,287454,670.26,2024-12-15T18:55:49.988Z
835,1753087,298721,183.51,2021-04-04T06:42:38.255Z
836,38899,90766,61.73,2018-11-05T23:56:12.898Z
837,440546,243226,469.84,2024-03-26T05:50:19.876Z
838,1495517,343502,150.55,2019-08-09T19:32:33.097Z
839,243773,435999,949.47,2020-12-25T02:40:16.489Z
840,1599981,493824,549.9,2018-04-23T21:21:08.406Z
841,417341,206566,106.97,2019-07-19T14:02:37.524Z
842,1270242,72042,952.98,2019-04-06T18:52:06.801Z
843,1372906,371376,571.14,2020-11-02T03:40:28.035Z
844,514115,28924,810.33,2025-01-01T07:30:19.036Z
845,373690,10488,104.41,2020-05-13T03:32:36.890Z
846,378968,321109,390.15,2023-03-27T08:12:24.182Z
847,1546580,402199,113.88,2020-08-26T17:01:52.275Z
848,1865662,123834,376.88,2020-09-03T03:42:15.209Z
849,4411,300922,393.76,2023-08-30T16:37:56.096Z
850,755457,325579,813.47,2022-04-13T21:05:41.556Z
851,420064,218382,486.52,2022-08-02T15:24:28.476Z
852,644896,63258,995.6,2023-04-25T10:17:55.495Z
853,327011,251761,581.46,2025-03-16T15:53:48.293Z
854,747148,186950,635.03,2019-06-21T23:57:05.113Z
855,1268266,305012,353.48,2018-05-24T17:11:31.924Z
856,1687074,107808,646.64,2023-06-14T17:34:05.049Z
857,1964020,326630,628.64,2019-05-23T22:29:41.541Z
858,1730399,185866,797.16,2019-05-21T17:14:42.982Z
859,902998,22084,696.23,2025-07-13T14:32:55.417Z
860,1672510,32288,997.12,2021-09-26T00:32:23.851Z
861,165417,287626,49.86,2022-10-26T18:37:26.337Z
862,1654207,11661,563.53,2025-10-24T01:14:08.303Z
863,322854,289129,30.28,2018-01-18T21:52:57.084Z
864,1318097,440661,943.6,2021-04-10T21:18:46.829Z
865,743501,404354,404.52,2020-07-14T12:15:16.216Z
866,261845,244488,458.09,2023-01-06T01:34:48.975Z
867,370397,171463,619.56,2023-06-14T01:04:43.863Z
868,1668121,272748,104.02,2025-06-23T17:53:27.343Z
869,1002521,487808,351.9,2021-12-12T01:08:53.016Z
870,1030643,105529,564.05,2018-03-04T18:29:00.579Z
871,214347,354190,750.87,2018-05-20T06:56:54.310Z
872,288313,221576,600.07,2020-06-27T08:28:39.070Z
873,438078,46394,985.99,2018-08-08T13:14:56.256Z
874,1790469,392561,745.07,2020-05-12T04:43:32.985Z
875,172366,59762,93.08,2022-03-04T12:32:16.472Z
876,1487569,121607,481.11,2018-12-11T12:42:46.144Z
877,993869,206001,647.54,2018-01-12T10:13:50.225Z
878,1697557,272490,961.64,2023-03-13T12:54:47.362Z
879,1480301,101025,18.79,2021-07-10T23:56:26.722Z
880,1101525,200845,342.34,2018-10-06T01:49:21.771Z
881,102304,70226,689.03,2024-07-17T02:50:06.336Z
882,895540,278714,301.02,2018-01-31T16:49:32.558Z
883,1790361,206832,744.75,2021-04-28T08:01:02.825Z
884,501717,314442,483.82,2025-10-05T21:34:24.587Z
885,566268,186662,261.96,2024-10-24T10:08:22.722Z
886,1292535,252267,348.49,2018-05-17T00:55:27.108Z
887,1364643,332842,488.87,2025-11-09T18:02:19.883Z
888,1266049,353217,964.71,2024-05-04T07:10:05.808Z
889,1077741,154925,246.82,2023-12-11T05:16:56.939Z
890,240455,23083,438.17,2023-11-17T15:31:27.366Z
891,585084,239860,766.26,2020-10-11T09:06:28.341Z
892,1575598,97815,952.26,2020-03-03T21:28:13.609Z
893,565044,90719,836.05,2024-03-30T18:54:17.012Z
894,291312,129531,487.92,2025-04-11T19:22:37.919Z
895,451450,476857,662.76,2023-03-01T16:06:00.423Z
896,1480257,44253,72.95,2022-07-06T20:16:38.164Z
897,1118160,353815,305.33,2020-11-08T15:05:25.866Z
898,1729864,46960,678.17,2023-10-19T17:30:11.293Z
899,1243920,235478,918.94,2019-05-17T10:19:43.622Z
900,531895,392349,330.24,2022-08-03T13:28:45.578Z
901,680538,357229,847.33,2024-08-20T01:43:39.749Z
902,1212288,186946,377.72,2021-05-09T03:07:58.958Z
903,1970614,220874,239.53,2023-06-12T12:52:12.452Z
904,1601023,46602,928.79,2022-01-14T08:13:36.409Z
905,1387901,96127,851.87,2019-05-04T16:58:56.716Z
906,1389228,107522,845.64,2021-08-13T19:19:27.770Z
907,356684,233331,400.82,2020-06-25T09:51:35.842Z
908,1710803,404879,785.66,2024-06-28T02:33:18.463Z
909,1505271,316410,947.89,2021-08-31T04:21:27.982Z
910,1770019,347440,935.56,2020-02-23T04:08:12.353Z
911,445525,330032,302.11,2021-09-10T22:59:10.219Z
912,20164,160530,719.38,2020-06-02T00:36:53.700Z
913,1764859,115061,841.64,2018-06-13T20:15:26.861Z
914,1374400,199191,529.93,2024-09-10T11:04:42.079Z
915,1655008,330878,170.37,2022-07-15T03:33:41.097Z
916,68385,105750,59.13,2022-03-18T13:24:03.358Z
917,1637400,315482,702.75,2019-11-27T23:15:01.114Z
918,397406,75962,77.51,2023-10-28T00:33:28.182Z
919,482074,172404,994.43,2024-03-13T11:10:27.669Z
920,848562,95265,521.6,2023-07-30T04:25:51.703Z
921,1284290,434540,969.33,2023-05-08T02:47:26.530Z
922,1957103,253316,619.82,2019-06-01T02:41:20.714Z
923,527999,6128,200.07,2025-02-21T11:43:56.913Z
924,1072972,189995,419.39,2018-11-30T20:55:40.962Z
925,507238,78622,560.57,2024-03-31T07:16:19.680Z
926,1278796,320139,570.93,2019-12-18T13:34:38.742Z
927,422762,395506,648.06,2024-05-15T12:10:11.602Z
928,263261,140614,814.02,2022-07-19T08:29:23.094Z
929,1330910,379652,719.43,2023-10-02T08:52:03.564Z
930,1112454,179090,739.94,2018-01-22T02:25:00.555Z
931,429575,32456,342.94,2022-01-29T18:55:45.699Z
932,597285,160582,499.19,2025-12-06T13:49:57.452Z
933,930861,69881,879.71,2023-09-10T05:29:03.047Z
934,1863658,484488,465.68,2018-08-07T21:45:12.634Z
935,1441662,81911,699.4,2024-03-04T16:19:40.070Z
936,1672483,237179,303.95,2025-11-20T18:24:57.362Z
937,830362,440619,870.92,2021-04-19T16:37:22.974Z
938,783681,285908,97.84,2025-01-15T12:02:06.813Z
939,771088,20587,614.18,2019-11-28T00:35:09.132Z
940,32441,225206,697.6,2025-07-30T06:42:54.495Z
941,374927,174939,917.41,2018-03-05T07:19:04.137Z
942,1787514,428942,543.65,2023-11-11T07:49:57.391Z
943,1222153,12860,637.47,2019-08-17T00:47:56.916Z
944,481113,355503,88.14,2018-02-19T18:10:24.213Z
945,1232523,114471,936.04,2024-10-12T06:17:28.394Z
946,1128237,412150,419.9,2022-02-16T18:28:06.546Z
947,1594744,246616,818.07,2025-09-27T16:16:07.451Z
948,672434,414125,307.4,2018-07-30T21:11:58.656Z
949,3577,331062,302.81,2025-05-30T19:20:55.448Z
950,856245,113236,246.68,2019-08-29T17:11:06.405Z
951,1399288,349489,696.32,2024-04-24T13:31:13.144Z
952,800831,122495,163.1,2020-01-25T21:38:22.298Z
953,1635786,14887,718.6,2019-09-21T07:24:55.294Z
954,820354,359568,738.38,2019-10-02T23:05:16.509Z
955,1866294,478019,452.24,2023-05-16T06:42:34.779Z
956,1978017,64701,6.53,2022-08-12T05:03:06.842Z
957,841571,207188,543.03,2021-12-11T14:05:05.509Z
958,1923836,390578,285.45,2025-07-06T13:56:49.891Z
959,493620,269130,912.89,2018-03-06T03:08:45.488Z
960,98646,53458,15.67,2021-05-19T04:30:04.858Z
961,829069,482859,416.16,2018-08-30T12:41:45.767Z
962,1548990,45949,489.72,2018-04-23T20:36:00.207Z
963,1274730,144136,609.29,2025-02-22T01:28:39.430Z
964,247701,124808,916.13,2021-09-30T01:14:56.704Z
965,1701140,62824,435.88,2018-12-28T23:33:24.714Z
966,294858,185888,898.41,2024-02-11T19:43:48.950Z
967,1731436,250565,658.25,2019-10-10T09:52:52.363Z
968,1028161,139913,749.62,2019-05-31T04:41:37.001Z
969,1610964,489489,316.19,2019-11-09T02:54:56.340Z
970,283580,101328,211.34,2021-04-28T21:04:05.461Z
971,496179,415563,167.73,2021-03-08T23:33:43.976Z
972,1589027,432689,60.47,2025-07-27T08:45:53.540Z
973,630449,99342,957.01,2025-01-10T11:16:11.841Z
974,307986,237105,409.39,2021-10-11T18:08:34.591Z
975,1738119,62164,35.41,2021-12-08T20:49:02.186Z
976,930074,957,822.99,2020-11-04T08:28:39.826Z
977,774053,432418,19.91,2021-01-21T12:25:55.404Z
978,605113,306874,239.31,2019-05-11T12:59:44.537Z
979,1763620,460678,539.31,2020-08-14T22:33:55.108Z
980,1814390,41792,648.12,2022-04-21T12:36:55.807Z
981,1360598,388911,597.65,2023-11-28T23:33:52.349Z
982,1001983,478066,976.99,2019-12-09T09:35:15.823Z
983,631608,110769,181.43,2023-12-03T17:33:28.768Z
984,1090336,181881,67.61,2018-09-03T11:56:45.044Z
985,1243243,493159,392.55,2025-04-02T02:51:15.709Z
986,71810,134883,363.79,2019-02-13T19:02:12.456Z
987,824440,119840,254.16,2025-11-06T08:17:13.714Z
988,109935,248857,116.78,2020-06-30T10:27:30.606Z
989,956698,3680,148.23,2025-12-21T04:56:20.546Z
990,753434,287164,949.13,2018-05-05T06:45:16.339Z
991,170842,77798,484.84,2021-07-25T12:53:04.794Z
992,1115040,400369,548.59,2019-10-21T15:00:31.003Z
993,1245817,91579,48.97,2019-10-15T02:35:15.989Z
994,1361061,281133,721.34,2019-08-10T13:31:03.084Z
995,1776635,125184,983.52,2025-07-10T21:30:34.553Z
996,1576552,367667,231.73,2022-03-17T18:28:20.819Z
997,1223507,257115,878.09,2023-06-11T13:37:40.016Z
998,1692644,151380,452.87,2021-10-07T16:33:27.336Z
999,1819365,197853,63.44,2021-02-11T16:35:01.106Z
1000,1886712,329023,17.39,2024-07-31T17:43:24.180Z
